afele,
malaquais,
munjeri,
labat,
odokuma,
eyo,
sodipo,
sebe,
echekwube,
togo,
agozino,
diamitani,
falola,
dabone,
dartigue,
dulong,
eyene,
shima,
kiethega,
wey,
shaka,
ebisi,
arinze,
namhila,
vasey,
zacharys,
bicheno,
ayittey,
nobili,
arua,
lobban,
majeed,
kiwara-wilson,
thebele,
soyinka,
diagne,
falola,
amyuni,
ezenweke,
lasisi,
opoku,
okunade,
alayande,
opubor,
shyllon,
oguibe,
osiki,
afeagbokhai,
maduakor,
rukuni,
okediji,
pule,
matera,
lagat,
oriji,
sarr,
ojaide,
witz,
hawass,
amarna,
mubarak,