,Entities,count
237,Dan Hicks,69
886,Queen Victoria,23
318,Emmanuel Macron,21
290,Dunstone,21
251,David Adjaye,21
441,Heiko Maas,20
566,K. Opoku,17
807,Ogundele,16
679,Macron,15
89,Awoyemi,15
1056,Victor Ehikhamenor,14
735,Monika Gruetters,14
100,Barbara Plankensteiner,14
1110,Zimmerer,13
414,Godwin Obaseki,13
155,Bini,12
745,Museen,12
1070,Walker,12
737,Monika Grütters,11
351,Felwine Sarr,11
696,Mark Walker,10
350,Felix von Luschan,10
629,Kwame Opoku,9
458,Hermann Parzinger,9
909,Richard Burton,9
1025,Thomas,9
557,Juju,8
848,Peju Layiwola,8
159,Boisragon,8
42,Alhaji Lai Mohammed,8
663,Locke,8
288,Dracula,8
556,Juergen Zimmerer,8
800,Oba Ovonramwen,7
776,Neil Curtis,7
329,Errol Francis,7
673,Luschan,7
777,Neil MacGregor,7
938,Rothenbaum,6
56,Andreas Görgen,6
131,Benin Kings,6
437,Hartmut Dorgerloh,6
362,Francis,6
236,Dan,6
514,James Phillips,6
313,Elísio Macamo,6
622,Kunst,6
166,Brexit,6
104,Barnaby Phillips,6
1134,von Luschan,6
928,Robert Runcie,5
262,Delinda Collier,5
360,Forum Humboldt,5
477,Huera,5
341,Ewuare II,5
863,Picasso,5
945,Rushmore,5
1019,Taylor,5
783,Nicholas Thomas,5
1111,Zoom,5
804,Obaseki,5
177,Bryan Appleyard,5
1074,Wazi Apoh,5
781,Nicholas Mirzoeff,5
634,Lambeth Palace,5
652,Leo Frobenius,5
768,Nanette Snoep,5
979,Snoep,5
348,Farnham,5
140,Benin-Bronzen,5
507,Jacques Chirac,5
438,Hartwig Fischer,4
421,Greenfield,4
452,Herbert Ganslmayr,4
808,Okeke-Agulu,4
475,Houénoudé,4
841,Paul Wood,4
691,Maria Paula Meneses,4
632,Künste,4
200,Charles Gore,4
386,George Boyne,4
5,Abba Isa Tijani,4
258,David Wojnarowicz,4
565,Jürgen Zimmerer,4
617,Kultur,4
668,Louise Tythacott,4
303,Ehikhamenor,4
1030,Timothy Awoyemi,4
758,Mutombo,3
171,Britons,3
618,Kulturen,3
161,Boris Johnson,3
517,James Robert Phillips,3
759,Muñoz Martínez,3
771,Ndiritu,3
511,James Cuno,3
455,Hereros,3
501,Ivanov,3
194,Catherine Hickley,3
498,Isaiah Ogundele,3
478,Häntzschel,3
107,Basu,3
269,Diamang,3
796,Northcote Thomas,3
397,Gert,3
57,Andreas Mehler,3
359,Fortnight,3
357,Folarin Shyllon,3
51,Ana Filipa Vrdoljak,3
997,Steve Dunstone,3
1020,Teil,3
1027,Thomas’,3
319,Emmanuel Macron’s,3
28,Akinyele,3
306,Ekpo Eyo,3
1055,Verständigung,3
21,Afrika,3
254,David Olusoga,3
1082,Wilhelm Östberg,3
12,Achille Mbembe,3
1101,Yusuf Abdallah Usman,3
1120,de Benin City,3
61,Angela Merkel,3
52,Ana Vrdoljak,3
173,Bronze,3
218,Christine Stelzig,3
567,Kadiri,3
858,Philip,3
837,Paul Basu,3
828,Paczensky,3
217,Christine Mullen Kreamer,3
209,Charlotte Lydia Riley,3
883,Queen Mother,3
882,Queen Idia,3
408,Glasgow,3
815,Omonkhua,3
444,Helmut Stoecker,2
296,Edo,2
321,Enotie Ogbebor,2
297,Edo State,2
451,Henry Wellcome,2
555,João Figueiredo,2
286,Dr Bruce Onobrakpeya,2
548,Joseph,2
454,Herbolzheim,2
270,Diaspora,2
546,Jonathan Fine,2
307,Elene Kadagidze,2
435,Harry Rawson,2
432,Hans Sloane,2
399,Geschichte,2
542,John Picton,2
457,Hermann Braunholtz,2
391,George Orwell,2
388,George Floyd,2
496,Interim Dean,2
369,Franz Marc,2
403,Ghanian,2
505,Jacco Visser,2
355,Fischer,2
513,James I. Porter,2
540,John Baines,2
346,Fahrplan,2
344,F. Alli,2
418,Gore,2
338,Eurocentric,2
520,Jarmusch,2
322,Enwonwu,2
492,Inneh,2
529,Jeff Nichols,2
0,- Nevadomsky,2
572,Kathy Curnow,2
944,Rupert Murdoch,2
1000,Steven Spielberg,2
986,Spielberg,2
978,Snoeck Publishers,2
977,Slack Bay,2
974,Simon Njami,2
957,Salisbury,2
953,SOPCOM,2
951,Rückgaben,2
941,Rudolf,2
1005,Stücke,2
940,Ruanda,2
932,Roger Fry,2
925,Robert Mapplethorpe,2
919,Rittmeier,2
914,Richard Meyer's,2
913,Richard Kandt,2
906,Reichs-Kolonialministeriums,2
899,Rasheed Araeen,2
1001,Stiftung Preußischer Kulturbesitz,2
1013,Sweet Dreams,2
580,Keith Haring,2
1066,Völkerkunde Wien,2
1126,de la,2
1115,Zusammenarbeit,2
1108,Ziel,2
1105,Zaks-Ali,2
1097,Yemisi Shyllon,2
1079,Wilhelm,2
1077,Welt,2
1072,Wambu,2
1052,Verhandlungen,2
1021,Telegraph,2
1048,Verantwortung,2
1043,Untertstützung,2
1042,Umgang,2
1041,UNESCO Doc,2
1036,Transcript Verlag,2
1034,Toutefois,2
1031,Togo,2
1022,Tewodros,2
894,Race Displacement,2
888,Queen Victoria’s,2
876,Principal,2
659,Library,2
709,Matter LA,2
702,Mary Beard,2
698,Marla Berns,2
692,Maria Paula Meneses  ,2
681,Magnusson,2
678,Macke,2
665,Loot,2
661,Lindsey Anton-Wood,2
649,Legal Adviser,2
866,Plakensteiner,2
645,Layiwola,2
640,Laura Nader,2
628,Kwame Anthony Appiah,2
625,Kunstwerke,2
624,Kunstwerk,2
607,Kolonialzeit,2
596,Kirchner,2
588,Kevin Dalton Johnson,2
711,Maxim,2
715,Memorandum,2
722,Michelangelo,2
734,Monet,2
861,Phillip Ihenacho,2
850,Peter Campbell,2
846,Pechstein,2
845,Paypal,2
839,Paul Oskar Kristeller,2
834,Password,2
824,Ovonramwen Nogbaisi,2
823,Ovonramwen,2
813,Oliver Enwonwu,2
812,Oliver Dowden,2
799,Oba Ovonramvem,2
793,Njoki Ngumi,2
786,Nigel Barley,2
763,NS-Raubkunst,2
760,Mwazulu Diyabanza,2
749,Museums Journal,2
738,Monuments,2
719,Michael Barrett,2
570,Kate,2
132,Benin Law,2
60,Andy Ho,2
59,Andrew Zimmerman,2
219,Christopher Spring,2
27,Akenzua II,2
185,C. Bertelsmann,2
162,Boris Johnson’s,2
160,Boko Haram,2
13,Acropolis,2
119,Benin Art,2
215,Christian Feest,2
24,Agnes Chow,2
145,Berlin Plea,2
232,Cultures,2
156,Blackwell,2
183,Bush,2
246,Daniel Bockwoldt/Picture Alliance,2
154,Bildrechte,2
234,Dakar,2
244,Daniel Blake,2
174,Bronze Plaques,2
176,Brutish Museums,2
153,Bielefeld,2
242,Dan Hicks’,2
240,Dan Hicks FSA,2
211,Chika Okeke-Agulu,2
151,Berns,2
123,Benin Bronze',2
241,Dan Hicks  ,2
197,Centaurus Verlag,2
190,Carl Einstein,2
220,Clara,2
138,Benin Stűcke,2
192,Castlereagh,2
130,Benin Kingdom,2
189,Captain Walker,2
198,Chao Tayiana Maina,2
90,Aziz + Cucher,2
169,Brit,2
127,Benin Empire,2
32,Albright,2
843,Paula Ben-Amos,1
833,Partnern Lösungen,1
832,Parthenon,1
855,Peter Wong,1
831,Park,1
856,Phil Berg,1
857,Phil Omodamwen,1
82,Arthur Waley,1
830,Paradigmenwechsel,1
859,Philip J. C.,1
829,Paperback,1
92,B. Forman,1
860,Philip Lehman,1
81,Arthur J. Knoll,1
91,Azu Nwagbogu,1
853,Peter Odeh,1
854,Peter Okotor,1
835,Patrice Talon,1
842,Paula,1
86,Auffassung,1
87,Aufstellung,1
85,Aufbau,1
862,Phillips,1
840,Paul Oskar Kristeller's,1
84,Aufarbeitung,1
88,Aussi,1
849,Penny,1
83,Arts,1
838,Paul Hamlyn,1
851,Peter Fuller,1
852,Peter Junge,1
836,Patrick Achi,1
844,Paula Ivanov,1
847,Pedro Almodóvar,1
870,Premium,1
80,Arthur Baesssler-Stiftung,1
890,R. H. Bacon,1
892,R.E. Bradbury,1
893,RIOXX2 XML RDF+N-Triples,1
73,ArchitectureThe Brutish,1
895,Rachid Djaidani,1
896,Ralph Denham Rayment Moor,1
897,Raoul Peck,1
898,Rapa Nui,1
72,Après,1
900,Rashid,1
901,Raubgut,1
902,Re-Opens: Renovated Premises For Cultural,1
903,Rede,1
904,Refer METS,1
905,Refn,1
71,Anthony Appiah,1
907,Restitutionen von Objekten,1
908,Richard,1
70,Anteil,1
910,Richard Danson Brown,1
911,Richard Gott,1
912,Richard Holmes,1
69,Annex II,1
68,"Annex I.
",1
891,"R. Kerwin
",1
889,Queen-Mother Idia and,1
864,Pijoan,1
74,Argumenten,1
865,Pitt Rivers,1
79,Arthur Baessler-Stiftung,1
867,Platz,1
868,Plea,1
869,Politiker,1
826,Pablo Larraín,1
871,Prestel Verlag,1
872,Prince Adetokunbo Kayode,1
873,Prince Harry,1
874,Prince Yemisi Shyllon,1
875,Princeton,1
78,Arte del África,1
877,Prof Tijani,1
878,Programme Share,1
879,Projects Blog,1
880,Präsidenten,1
881,Ptolemaic,1
77,Arte Primitivo,1
76,Art Modern,1
884,Queen Mother Idia,1
885,Queen Mothers,1
75,Art Collector,1
887,Queen Victoria-sized,1
827,Pablo Picasso,1
814,Omar Saidou Tall,1
825,Ozolua Uhakheme,1
744,Murphy,1
747,Museum of Ethnography,1
122,Benin Bronze Ife,1
120,Benin Artworks,1
750,Museums Scotland,1
751,Museums  ,1
752,Museums-Aufbau,1
753,Museumschefs,1
754,Museumsmanager,1
755,Museumsmanagerinnen,1
756,Mussolini,1
757,Musées,1
118,Benin 26,1
116,Benedict Chukwukadibia,1
761,Mwazulu Diyanbanza,1
762,Möglichkeiten,1
115,Ben Shemang,1
764,Nachrichtenagentur,1
765,Namas,1
766,Nana Oforiatta Ayim,1
767,Nancy Buirski,1
114,Ben Okri OBE,1
769,Natasha Becker,1
770,Nationalismus,1
746,Museen von,1
743,Muhammadu Buhari,1
93,Babangida,1
742,Ms Procter,1
717,Memorandum  ,1
718,Meyer Schapiro,1
720,Michael O'Leary,1
721,Michaela Oberhofer,1
129,Benin Initiative,1
723,Michelle Müntefering,1
724,Mike Adenuga Centre,1
725,Mildred Loving,1
726,Millionenstadt,1
727,Milton Keynes:,1
728,Ministère de la Culture,1
729,Mnyaka Sururu Mboro,1
730,Moesgård Allé,1
731,Mohamed Diab,1
732,Mohammad Salama,1
733,Mommy,1
128,Benin History,1
736,Monika Grutters,1
126,Benin District,1
125,Benin Digital,1
739,Mother,1
740,Motto,1
741,Mozart,1
113,Ben Luke,1
772,"Ndubuisi ""Endy"" Ezeluomba",1
773,Nehru,1
774,Neil Brodie,1
801,Oba Ovonramwen  ,1
802,Obas,1
803,Obasanjo,1
101,"Barbara Plankensteiner,(ed",1
805,Obatala,1
806,Objekte,1
99,Barbara Plakensteiner,1
98,Barbara Oteng Gyasi,1
809,Okwuchi Jim-Nna,1
810,Olfert Dapper,1
811,Oliver,1
97,Barbara Klepsch,1
96,Barbara,1
916,Richtige,1
95,Bankole Sodipo,1
816,Onobrakpeya,1
817,Onyekachi Wambu,1
818,"Organiser Rachael Unsworth
Organiser",1
819,Ormonde Dalton,1
820,Oscar,1
821,Oseni,1
822,Otto von Bismarck,1
94,Baessler Archiv,1
102,Bardem,1
103,Barnaby,1
798,Nuestras,1
785,Nick Merriman,1
775,Neil Brodle,1
112,Ben Amos,1
111,Bellocchio,1
778,Nelson Rockefeller,1
779,Netz,1
780,Nevadomsky,1
110,Beko Ransome Kuti,1
782,Nicholas Serota,1
109,Beethoven,1
784,"Nicholas Winding Refn
Drive",1
108,Bayryam Mustafa Bayryamali,1
797,Northcote Whitridge Thomas,1
787,Nigel Biggar,1
788,"Niger R.
",1
789,Nigerian Images,1
790,Nikolaos Chr,1
791,Nina Katchadourian,1
792,Nina Kravinsky,1
106,Basingstoke,1
794,Nomos Verlag,1
795,Nordrhein-Westfalen,1
105,Barnaby Phillips’s,1
915,Richard Powell,1
261,Delacroix,1
917,Riot,1
1071,Walkers,1
1060,Viola König,1
1061,Vol,1
1062,Volker Langbein,1
1063,Von,1
1064,Vorwürfe,1
1065,Völkerkunde Dresden,1
20,Afford,1
1067,W. Forman,1
1068,WIR,1
1069,Walk,1
19,Adèle Exarchopoulos-starring,1
18,Advocacy Roses,1
1028,Thorsten Opper,1
1073,Wassily Kandinsky,1
17,Addae,1
1075,Webster,1
1076,Welle English,1
16,Adam Hochschild’s,1
1078,Wendepunkt,1
15,"Adam Hencz
Nigerian",1
1080,Wilhelm II,1
1081,Wilhelm von Humboldt,1
14,Adam Driver,1
1083,William,1
1059,Viola Koenig,1
1058,Vinnie Nørskov,1
1057,Vincent Hiribarren,1
22,Afrikawissenschaftler Jürgen Zimmerer,1
33,Alcides,1
1032,Tony Blair,1
1033,Tony Phillips,1
31,Albert,1
1035,Towns,1
30,Alan Lane,1
1037,Treaty,1
1038,Treffen,1
1039,Träger,1
1040,UNESCO Conventions,1
29,Aktuelle Debatten,1
26,Akademie Verlag,1
1044,Usman,1
1045,Vanessa Holden,1
1046,Ventures Platform,1
1047,Verantwortlichen,1
25,Ahnung von,1
1049,Verfassungspatriotismus,1
1050,Vergangenheit,1
1051,Vergangenheitsbewältigung,1
1053,Verhältnis zum Kolonialismus,1
1054,Verlag C. H. Beck,1
23,Agenda Duty,1
1084,William Downing,1
1085,William Oldman,1
1086,William Rubin,1
1114,Zurzeit,1
1116,] Oliver Dowden,1
1117,^ Nevadomsky 2005,1
1118,a Paul Bowles,1
1119,d'un,1
4,APC Tells,1
1121,de Castro,1
1122,de Grunne,1
1123,de Rothschild,1
1124,de Sa Majesté »,1
1125,de l'Information et de la Culture,1
3,A. Burns,1
1127,de la collection de,1
1128,de l’ancien Royaume,1
1129,kostbarer Objekte aus Afrika nach Afrika,1
1130,l'université de Benin City,1
1131,l’initiative de Mme Grütters,1
1132,n’a,1
1133,von Kunstgegenständen,1
2,8) K. Opoku,1
1135,"www.fzz.cc/slides 
 „",1
1136,África,1
1137,États,1
1138,à Abomey,1
6,Abba Issa Tijani,1
1113,Zum Positionspapier,1
1087,William Rubin's,1
1112,Zugestanden,1
1088,Willy Brandt,1
1089,Winckelmann,1
1090,Woche,1
1091,Wolfgang Mommsen,1
1092,"Wu Mingren
",1
1093,XXX,1
1094,Yaa Addae,1
1095,Yakubu Gowon,1
1096,Yaro Gella,1
1098,Yinka Omorogbe,1
1099,Yinka Shonibare,1
1100,Yorubas,1
11,Academic Calendar,1
1102,"Yusuf Abdallah Usman,“Nigeria’s",1
1103,Yusuf Tuggar,1
1104,Z.S. Strother,1
10,Abuja,1
1106,Zeit,1
1107,Zeit des Kolonialismus,1
9,Abomey,1
1109,Zielen,1
8,Abigail Zaks-Ali,1
7,Abgeordneten Clara Herrmann,1
1029,Thou,1
34,Alex,1
918,Rita Keegan,1
959,Sam Igbe,1
948,Ryan Gosling,1
949,Rückführung von Benin-Bronzen,1
950,Rückgabe von Kunstobjekten,1
55,Andrea Scholz,1
952,Rückgaben von Benin-Bronzen,1
54,"Andrea Arnold
Shia LaBeouf",1
954,SZ,1
955,Sachsen,1
956,Saint Augustine,1
53,Ancient Greek,1
958,Sally Price,1
960,Sammlungen Sachsen,1
1026,Thomas Aquinas,1
961,Sanjeev Gupta,1
962,Scope Note,1
963,Scott Carballo,1
964,Sean Penn,1
965,Search Switch,1
966,Secret Legacy,1
967,See K. Opoku,1
968,Seek,1
969,Sevigny,1
970,Shakespeare,1
971,Shegun Daramola,1
947,Russell Crowe,1
946,Ruskin,1
58,Andrew Lloyd Webber,1
943,Rufus T. Akinyele,1
67,Annette Schmidt,1
920,Roald Dahl’s,1
921,Robert,1
922,Robert Allman,1
923,Robert Draper,1
924,Robert Kagan’s,1
716,Memorandum Submitted,1
926,Robert Owen Lehman,1
927,Robert Owen Lehman Collection,1
65,Anna Bing Arnold,1
929,Robertson,1
930,Robin Mackie,1
931,Roderick Sykes,1
64,Anmerkungen zum Verhältnis von Ethnologie,1
933,Ronald Robinson,1
934,Ronald S. Lauder,1
935,Roselyne Bachelot,1
936,Rosemary Bodam,1
937,Rosetta Stone,1
63,Anja Laukötter,1
939,Rothenbaum Kulturen,1
62,Angela Merkel’s,1
942,Rudyard Kipling,1
972,Sieg,1
973,Silvia Dolz,1
50,Ana Cristina,1
43,Alice Munro,1
1003,Stolen Benin,1
1004,Strength,1
41,Alfred H. Barr,1
1006,Sueddeutsche Zeitung,1
1007,Suman Gupta,1
1008,Suman Gupta's,1
1009,Susanne Laugwitz-Aulbach Head,1
1010,Susanne Zantop,1
1011,Sutapa Biswas,1
1012,Sweden Dipl,1
40,Alfred Barr's,1
1014,Sweet Waters,1
1015,Sylvester Okwunodu Ogbechie,1
1016,Tajudeen,1
1017,Tandazani Dhaklama,1
1018,Tarita Alarcon Rapu,1
39,Alexander von Humboldt,1
38,"Alexander Herman
",1
37,Alexander Croke,1
36,Alex Greenberger,1
1023,TheGrio,1
1024,Theron,1
35,Alex Gil,1
1002,Stijn Schoonderwoerd,1
44,Alice Procter,1
975,Simon Rittmeier,1
999,Steve Farunbi,1
976,Skulpturen,1
49,Ana,1
48,Amadou Mahtar,1
47,Alphaville Lunch,1
980,Soni,1
981,Sonia Braga,1
982,Sorbonne Université,1
983,Soul,1
984,Souleymane Bachir Diagne,1
985,Sozialstruktur,1
46,Alliance Française,1
987,Spike Lee,1
988,St Gallen,1
989,St Petersburg,1
990,Sta Sophia,1
991,Staatliche Kunstammlungen,1
992,Staatliche Museen,1
993,Staffan Lundén,1
994,Stanley Obamwonyi –,1
995,Statt,1
996,Stephanie Yeboah,1
45,Alle Beteiligten,1
998,Steve Edwards,1
66,Anna Codrea-Rado,1
701,Martin Bailey,1
714,Melanie Keen,1
430,Hans Grimm,1
221,Cockerel Statue,1
404,Gift,1
405,Giotto,1
406,Gisela Völger,1
407,Gladstone,1
409,Glasgow Life,1
410,Glasgow Museums,1
411,Glauben,1
412,Global North and South,1
413,Godwin Nogheghase,1
415,Golshifteh Farahani,1
416,Goncourt,1
417,Goodluck Jonathan,1
216,Christian Kopp,1
419,Grace Ndiritu,1
420,Gras,1
422,Greer Valley,1
423,Grund,1
424,Gunter Kawik,1
425,Gurlitt,1
426,Hal Hartley,1
427,Hamady Bocoum,1
428,Handlungsschritte,1
402,Gewalt’,1
401,Gewalt,1
400,Gespräche,1
387,George Braziller,1
377,Gegenwart  – Jahrbuch des Landesarchivs Berlin,1
378,Geld,1
379,Gemeinsame Erklärung zum Umgang,1
380,Genozid,1
381,Gentleman,1
382,Geoffrey Robertson,1
383,Geordie,1
384,George Abungu,1
385,George Agbo,1
226,Concorde,1
225,Computing Helpdesk,1
222,Coco Fusco,1
389,George Floyd’s,1
390,George Floyd’s death,1
224,Comme l'explique,1
392,George Soros,1
393,George Soros-funded,1
394,George W. Neville,1
395,Geraldine Kendall,1
396,Gerard Depardieu,1
223,Coens,1
398,Gert v. Paczensky,1
429,Hanna Reitsch,1
431,Hans J. Reichardt,1
375,Gael Garcia Bernal,1
214,Chris Spring,1
460,Hewett Auctioneers,1
461,Heyden,1
462,Hickmon,1
463,Hicks,1
464,Hicks’,1
465,Hier,1
466,His Majesty,1
467,Historia Universal del Arte,1
468,Historia Universal del Arte:,1
469,Historia del Arte,1
470,Historic,1
471,Holds Museums Back,1
472,Homi Bhabha,1
473,Horst Drechsler,1
474,Horst Gründer,1
201,Charles Gore's,1
476,Hudson,1
199,Charles,1
479,I. Barcelona,1
480,ICOM,1
481,ISBN 9780745341767,1
482,Ich bin optimistisch,1
483,Idia,1
459,Herrmann Parzinger,1
202,Charles Harrison,1
203,Charles Hercules,1
208,Charlize Theron,1
433,Happenings,1
434,Harry Beasley,1
213,Chris Breward,1
436,Harry Rawson’s,1
212,Chinookan,1
439,Hausa,1
440,Hedley Swain,1
210,Cheney,1
442,Helmut,1
443,Helmut Bley,1
445,Helmut Strizek,1
456,Herkunftsländern,1
446,Hendrik Witbooi,1
447,Henriette Lidchi,1
448,Henry Cole,1
449,Henry Martin,1
450,Henry Moore,1
207,Charles de Gaulle Airport,1
206,Charles Seligman,1
453,Herbert Sutherland Walker,1
205,Charles Read,1
204,Charles Omorodion,1
376,Gedanken,1
374,Für Leihgaben,1
485,Igbo,1
314,Emanuel Macron,1
255,David Omoregie,1
291,Duro Oni,1
292,Earl,1
293,Ed,1
294,Eddie Ugbomah,1
295,Edel Assanti,1
253,David Livingstone’s,1
252,David Freedberg,1
298,Edun Akenzua Enogie,1
299,Edward Colston,1
300,Edward Colston’s,1
301,Edward Snowden,1
302,Edwardian England,1
250,Dass,1
304,Einzelnen Zeitgenossen,1
305,Eithne Shortall,1
249,Darshana,1
248,Dante,1
308,Elizabeth,1
309,Elizabeth Coombes,1
310,Elizabeth II,1
311,Ellen Otzen,1
312,Elsy,1
289,Dumont,1
256,David Sanderson,1
287,Dr Hermann,1
274,Digital Library,1
264,Der Druck,1
265,Der Historiker,1
266,Der Senat,1
267,Der Umgang,1
268,Deutsche Welle,1
260,Dean,1
259,Davon bin,1
271,Diaspora Studies,1
272,Didier Houénoudé,1
273,Die Altertümer von Benin,1
275,Direktorin,1
257,David Summers,1
276,Djaidani,1
277,Dokumentation von Benin-Sammlungen,1
278,Dolan,1
279,Donald Judd’s,1
280,Donald Trump,1
281,Donna Loftus,1
282,Dorina Hecht,1
283,Douglas Camp,1
284,Download,1
285,Dr,1
247,Daniel Crosby,1
315,Emeka Ogboh,1
373,Frederick I,1
316,Emmanuel Inneh,1
235,Damien Hirst,1
349,Felix van Luschan,1
233,"DE 
 
   
 
   
  ",1
352,Fiammetta Rocco,1
353,Filho’s,1
354,Filme,1
356,Fluxus,1
231,Crypto,1
358,Footer,1
230,Craig Simpson,1
229,Copyright ,1
361,Founder Yemisi Shyllon Museum,1
228,Coombes,1
363,Frank,1
364,Frank Cass,1
365,Frank Willet,1
366,Frankfurter Allgemeine Zeitung,1
367,Frankie Lister-Fell,1
368,Franklin Murphy,1
227,Constantine Petridis,1
370,François Mitterrand,1
371,Frascona,1
372,Freddy Mutombo,1
347,Farahani,1
238,"Dan Hicks
Walk",1
345,F. Willet,1
330,Erwerb von Ethnographica,1
317,Emmanuel Kasarhérou,1
245,Daniel Bockwoldt,1
320,Enogie,1
243,Dan Hicks’s,1
323,Enwonwu MBE,1
324,Erbes,1
325,Erde,1
326,Erhabor Emokpae,1
327,Eric,1
328,Erica P. Jones,1
331,Erwerbungen,1
239,"Dan Hicks   
 
 ",1
332,Erwerbungskontext,1
333,Erz,1
334,Esther Tisa Francini,1
335,Ethnographic Museums,1
336,Eugene V. Thaw,1
337,Euro,1
339,Eva L. R.,1
340,Eware II,1
342,Eyo Ekpo,1
343,Eyo Ekpo’s,1
484,Ife,1
486,Igbos,1
713,Meisterwerke,1
149,Bernhard Dernburg,1
631,Königs von Benin,1
633,LaBeouf,1
635,Lancée,1
636,Landesministern von Baden-Württemberg,1
637,Lanre Bakare,1
638,Larose,1
639,Larry Shiner,1
641,Laura Poitras,1
642,Laura Poitras’s,1
643,"Laurel V. McLaughlin 
 
 
 
 
 
 
 
 
 
  ",1
644,Lawrence,1
152,Biden,1
646,Lea Seydoux,1
647,Leben,1
648,Legacy Russell,1
650,Leibniz Verlag,1
651,Leihgarten,1
150,Bernie Grant's,1
653,Leonardo da Vinci,1
654,Leonie Emeka,1
655,Leopold II,1
656,Leopold II’s,1
657,Leute,1
630,Kwame Tua Opoku,1
157,Blank Panther,1
158,Bloomington,1
613,Kooperationsprojekten,1
603,Kolawole Oseni,1
604,Koloniale Verstrickungen,1
605,Kolonialgeschichte,1
606,Kolonialismus,1
167,Brian Sewell,1
608,Kolonialära,1
609,Kolonien,1
610,Kolonien Geschenkte,1
611,Kommentare,1
612,Konzerte,1
614,Kot,1
627,Kuratorinnen,1
615,Krishna Menon’s,1
616,Kritikerin,1
165,Brenda Seligman,1
164,Brenda,1
619,Kulturministerkonferenz,1
620,Kulturstaatsministerin Monika Grütters,1
621,Kunle Filani,1
163,Branly Jacques-Chirac,1
623,Kunstobjekte,1
626,Kuratoren,1
658,Lewis H. Gann,1
660,"Library 
 ",1
601,Kokunre Eghafona,1
148,Bernard de Grunne,1
689,Maria Elena Indelicato Contact,1
690,Maria Elena Indelicato  ,1
139,Benin-Bronze,1
693,Marion Cotillard,1
694,Mark,1
695,Mark Rylance,1
137,Benin Royal,1
697,Markus Hilgert Head,1
136,Benin Plaques,1
699,Marla C. Berns,1
700,Marshall,1
263,Delinda Collier  ,1
135,Benin Plan of Action on Restitution,1
703,Mary-Louise Pratt’s,1
704,Mask,1
705,Massimo,1
706,Massimo Gramellini,1
707,Matter Charter,1
708,"Matter Charter
",1
134,Benin Plan of Action for Restitution,1
710,Mauer,1
133,Benin Oba,1
712,Mayo Adediran,1
688,Maria Elena Indelicato,1
687,Marcia Klotz,1
686,Marcia Chatelain,1
144,Berg,1
662,Links Verlag,1
147,Berliner Schloß,1
664,Londons Kunsthandel,1
146,"Berliner Schloss 
 
 Menü 
 Springe zum Inhalt 
 ",1
666,Lora Wildenthal,1
667,Lotten Gustafsson-Reinius,1
669,Louvre,1
670,Loving,1
671,Luis Gnecco,1
672,Lungs,1
674,Luther,1
685,Malcolm Rogers,1
675,Lyndel Prott,1
676,M. Maas,1
677,MacGregor,1
143,Bereitstellung,1
142,Benson Osadolor,1
680,Magdalene Odundo,1
141,Benin-Kings,1
682,MailOnline,1
683,Mais,1
684,Maisonneuve,1
602,Kola Tubosun,1
600,Kokunre Agbontaen-Eghafona,1
487,Igue-Igha,1
544,John Schwaller,1
518,Janet Dugdale,1
519,Janette,1
186,C. Feest,1
521,Jason Gaiger,1
522,Javier Bardem,1
523,Je,1
524,Jean Hubert Martin,1
525,Jean-Pierre Mohen,1
526,Jean-Yves Le,1
527,Jeanette Greenfield,1
528,Jedes,1
530,Jelili Atiku,1
531,Jena Malone,1
532,Jeremy Epstein,1
533,Jeremy Wright,1
534,Jessica M. Johnson,1
535,Jim Jarmusch,1
536,Jimmy Lai,1
537,Jiri Toman,1
538,Joachim Koloss,1
539,Joachim Zeller,1
184,Bénédicte Savoy,1
541,John Mack,1
187,COVID-19,1
516,James R. Phillips,1
515,James R Philip,1
499,Itsekiri,1
488,Ikhuehi Omonkhua,1
489,Ile,1
490,"Ill-Gotten Gains
",1
491,Info,1
493,Institutionen,1
494,Intellectual Aporia’,1
495,Intelligence Officer,1
196,Celeste Muñoz Martínez,1
497,Introductory Note,1
195,Cela,1
500,Ivan Lam,1
188,Cameroon,1
193,Catherine,1
502,Ivory,1
503,J. C Stevens’,1
504,JUVENILE  ,1
506,Jacob Przyluski,1
191,Caroline McDonald,1
508,Jahres,1
509,Jahrzehntelang,1
510,James Callaghan,1
512,James Elkins,1
543,John Ruskin,1
545,Johnathan Fine,1
599,Koki Eghafona,1
182,Bundesregierung,1
575,Kawik Verlag,1
576,Kay Heymer,1
577,Kayode,1
578,Kayode Ogundamisi-led,1
579,Kebra Nagast,1
170,Briton,1
581,Kelani Abass,1
582,Ken Loach,1
583,"Ken Loach
Loach‘s",1
584,Kenneth John Hewitt,1
585,Kenneth Murray,1
586,Kenneth Weine,1
587,Kevin Chamberlain’s,1
589,Kevin Young,1
590,Kew,1
591,Kieron Monks,1
592,Kim Woods,1
593,Kimani Njgogu,1
594,Kings,1
595,Kingsley Inneh,1
168,Bricks,1
597,Klaus Lederer,1
598,Kofo Adeleke,1
574,Katrin Sieg,1
573,Katie Fleming,1
172,Bronson,1
178,Bryn Mawr,1
547,Jos van Beurden,1
181,Bundeskulturstaatsministerin Monika Grütters,1
549,Joseph Conrad Heart of Darkness,1
550,Joseph Eboreime,1
551,Joseph Egharevba,1
552,Joshua Wong,1
553,José Luis Villacañas,1
554,Joy Bivins,1
180,Builth Wells,1
179,Buhari,1
558,Jules de Goncourt,1
571,Kate Osakue,1
559,Julie Hudson,1
560,Julie Omoregie,1
561,Julieta,1
562,Juliette Binoche,1
563,Justin Gentilis,1
564,Jörg Häntzschel,1
175,Bruce Onobrakpeya,1
568,Karel Arnaut,1
569,Karen Frascona,1
1,8 Meyer Schapiro,1
1139,à Londres,1
